val40,val30,val20,val10,val0
2.6834747955373497,2.6364331074349248,3.34644679820572,4.754627557722626,17.88439399608907
2.6818685499651496,3.2539268575014706,4.314446562624183,4.520898504191751,32.248012378351305
