val40,val30,val20,val10,val0
1447.3670283011247,1453.6607093091209,1463.0405819494688,1463.4657907374199,1456.4998022546656
1461.2899169267107,1460.888121836773,1471.2297296772451,1471.9765069621549,1458.0798768073798
1462.693123904477,1450.5311351409207,1476.3602098332772,1458.2366496098168,1451.5011363140716
