val40,val30,val20,val10,val0
2051.9031478682186,2052.1411518501027,2052.649980205362,2049.568746555055,2022.6370467747215
2053.9297856713956,2052.078292394094,2051.9852515001226,2049.495712704964,2021.8977771313344
2050.747499132531,2052.361457290003,2052.040957467655,2050.9376402862495,2021.7593155563482
2052.498699508969,2054.3750221167556,2053.1507068943974,2050.3143404796133,2020.0991044652221
2051.224749848052,2050.8162646881,2052.9805445616485,2049.269460743234,2022.3902839461452
