val40,val30,val20,val10,val0
2048.681942762608,2046.9259047616476,2044.7489583661097,2037.8848309951738,2041.8119884545426
2043.044631933103,2037.831787260879,2050.4460292632125,2046.3700244654788,2039.3772621907533
2043.2049671191148,2038.2779469662814,2052.381741767065,2040.595686989472,2036.6045491612076
