val40,val30,val20,val10,val0
2078.818771497423,2079.496486915213,2076.584768632303,2081.361589764787,2068.953831542609
2080.0272869016444,2077.7692314911355,2083.9094659815228,2079.3730173432396,2068.038726562927
2080.5544282186147,2076.9441418479933,2079.608750308772,2077.8900929827923,2067.087853733467
