val40,val30,val20,val10,val0
2048.770228840249,2045.2683849536404,2048.1258451260437,2047.3495237902528,2041.4659975330296
2045.9706083124668,2049.1854091668574,2042.7942526663028,2050.967840159499,2042.3047214405065
2044.032407813906,2044.8402018378426,2044.9509743320068,2043.1918254606069,2042.133715786575
2047.2088417538157,2046.1894861392411,2051.0623670811055,2047.7759381078795,2043.8009137130111
2047.3041259475783,2048.6903616221593,2050.3555431445634,2048.6890128146924,2036.9677518085261
