val40,val30,val20,val10,val0
1484.5050393136298,1482.3291853696503,1483.3255546572084,1479.922658266498,1454.3449486258364
1481.4438421120683,1472.897690427329,1464.0914349694033,1475.9936882578108,1479.348845142754
1462.2511968560225,1457.9989894790515,1479.2534037650298,1471.1821619394416,1476.173400212159
