val40,val30,val20,val10,val0
1539.4186739248914,1551.6104915913436,1529.435735550281,1531.1828896658217,1531.0913333113833
1522.466692218252,1541.3054703711773,1536.980789926866,1534.5755118780608,1539.6264631032302
1546.3020036881228,1539.991455457719,1544.0205255409303,1536.6499750652613,1541.864400294711
1530.3663922252456,1534.7462037121693,1537.7703624317646,1538.5628480415653,1530.9562362243457
1545.5721527560984,1548.3877445012715,1524.0955925792487,1543.418767491279,1536.6829686619947
