val40,val30,val20,val10,val0
2051.4753906158357,2051.893605916491,2050.7954398210086,2048.549577585986,2024.2495331478958
2051.4151875259354,2053.1840696437002,2052.8138065685566,2049.6669751182967,2019.9659686372627
2053.1862374424095,2051.9855296461865,2048.9445688119795,2049.8164176800237,2020.895814309051
