val40,val30,val20,val10,val0
253.6943401174567,252.8781822846413,251.3703369111005,256.3022217943067,255.0886241872398
256.8247399950682,252.24718488389695,249.65738962575787,255.0090130806135,250.51776784863213
249.90975938768165,257.68878915295215,257.23952303438114,251.25605639802322,256.54820787904396
256.28404805336953,249.58301409496835,250.38516949402398,250.85126524848107,256.66295758170844
257.28442684400943,252.21234513415106,249.85738727159705,253.10907477884874,257.5192846379489
