val40,val30,val20,val10,val0
7338.235719551356,7359.882753700572,7372.738093637798,7361.381664748358,7346.107126336917
7310.25665154986,7376.787148883858,7334.917464308633,7371.754689750032,7401.838973481574
7358.861062851333,7342.298592517153,7383.85173181216,7373.483301022306,7366.843359540746
