val40,val30,val20,val10,val0
7046.899483003976,7030.886573556138,7067.709479910534,6979.716628926416,7104.179222723924
7006.609379971148,7084.933961002979,7035.217402489496,7067.662614625498,7140.171799838062
6957.126365952947,7014.683685519521,7081.156925118671,7044.731670344527,7164.2699178919
