val40,val30,val20,val10,val0
7029.583375662671,7002.115437887382,7050.247263706149,7001.910160217942,6999.554617449833
6936.468052642446,7043.441921702161,7058.506050471758,6984.491286090801,6913.92709253129
7077.114384371969,6980.629605320516,7069.48419410327,7059.360936914769,7019.087401198303
