val40,val30,val20,val10,val0
7161.475709140965,7064.3047789577,7145.664324062388,7134.325424315995,7090.750808171448
7095.436108344145,7101.872816739148,7058.3819462220345,7115.71636801159,7062.912666536459
7119.576809240805,7172.519908104898,7062.663751198789,7132.1642416272925,7154.71737875191
7137.757955941091,7145.18820197958,7104.065369798084,7146.82501485031,7107.1329070019865
7139.347418846368,7102.964381085072,7101.969232056401,7077.060079271121,7054.281978848338
